2023 BMW Scholars,"Spartanburg, SC",https://www.linkedin.com/jobs/view/2023-bmw-scholars-at-bmw-group-3743973717?refId=N1m52wBSw%2FcGOchtHUWkKA%3D%3D&trackingId=kCLr7NTd%2FPexbl6NOpl0jg%3D%3D&position=1&pageNum=0&trk=public_jobs_jserp-result_search-card
"Python Software Engineer, DevOps","Cupertino, CA",https://www.linkedin.com/jobs/view/python-software-engineer-devops-at-apple-3697745296?refId=N1m52wBSw%2FcGOchtHUWkKA%3D%3D&trackingId=lD4MYmc8dfjrfqgeGMvExg%3D%3D&position=2&pageNum=0&trk=public_jobs_jserp-result_search-card
Business Analyst,"Los Angeles, CA",https://www.linkedin.com/jobs/view/business-analyst-at-jada-systems-inc-3739495022?refId=N1m52wBSw%2FcGOchtHUWkKA%3D%3D&trackingId=lGsdZVv0zT6pMQeJ%2Bt5kUw%3D%3D&position=3&pageNum=0&trk=public_jobs_jserp-result_search-card
2023 BMW Rising Scholars,"Spartanburg, SC",https://www.linkedin.com/jobs/view/2023-bmw-rising-scholars-at-bmw-group-3743974750?refId=N1m52wBSw%2FcGOchtHUWkKA%3D%3D&trackingId=Rn%2FB%2FNhMLwnMAI%2BlJ0B%2BVA%3D%3D&position=4&pageNum=0&trk=public_jobs_jserp-result_search-card
Python Developer (internship),"New York, United States",https://www.linkedin.com/jobs/view/python-developer-internship-at-mindpal-3703084431?refId=N1m52wBSw%2FcGOchtHUWkKA%3D%3D&trackingId=yEqQx%2BG5pDB8CuOpq2Ndog%3D%3D&position=5&pageNum=0&trk=public_jobs_jserp-result_search-card
Graduate Data Analyst (Remote),"San Francisco, CA",https://www.linkedin.com/jobs/view/graduate-data-analyst-remote-at-brighty-careers-3744105124?refId=N1m52wBSw%2FcGOchtHUWkKA%3D%3D&trackingId=Uc%2B73T4yf6dNMZRr0fJ1PQ%3D%3D&position=6&pageNum=0&trk=public_jobs_jserp-result_search-card
Python Developer (internship),"Cleveland, OH",https://www.linkedin.com/jobs/view/python-developer-internship-at-mindpal-3703092315?refId=N1m52wBSw%2FcGOchtHUWkKA%3D%3D&trackingId=rQ0su9bsxX%2Bxwo8MfZ7r0Q%3D%3D&position=7&pageNum=0&trk=public_jobs_jserp-result_search-card
Junior Python Developer,"Boston, MA",https://www.linkedin.com/jobs/view/junior-python-developer-at-commonwealth-of-massachusetts-3744106507?refId=N1m52wBSw%2FcGOchtHUWkKA%3D%3D&trackingId=q051enelo0HusV0%2BndthWQ%3D%3D&position=8&pageNum=0&trk=public_jobs_jserp-result_search-card
Python Developer (internship),"San Jose, CA",https://www.linkedin.com/jobs/view/python-developer-internship-at-mindpal-3703083688?refId=N1m52wBSw%2FcGOchtHUWkKA%3D%3D&trackingId=KWfYbnxYZwC%2BvLt%2FqVPYeQ%3D%3D&position=9&pageNum=0&trk=public_jobs_jserp-result_search-card
Python Developer (internship),"San Francisco, CA",https://www.linkedin.com/jobs/view/python-developer-internship-at-mindpal-3703082773?refId=N1m52wBSw%2FcGOchtHUWkKA%3D%3D&trackingId=iLn0zZb0bglopQFkAVwD6g%3D%3D&position=10&pageNum=0&trk=public_jobs_jserp-result_search-card
Python Developer (internship),"Chicago, IL",https://www.linkedin.com/jobs/view/python-developer-internship-at-mindpal-3703092350?refId=N1m52wBSw%2FcGOchtHUWkKA%3D%3D&trackingId=0aNLir1EQtO2gixiWXaSgw%3D%3D&position=11&pageNum=0&trk=public_jobs_jserp-result_search-card
Python Developer (internship),"Philadelphia, PA",https://www.linkedin.com/jobs/view/python-developer-internship-at-mindpal-3703087092?refId=N1m52wBSw%2FcGOchtHUWkKA%3D%3D&trackingId=coRC80kaiGpXotUiR9WhwQ%3D%3D&position=12&pageNum=0&trk=public_jobs_jserp-result_search-card
Python Developer (internship),"Los Angeles, CA",https://www.linkedin.com/jobs/view/python-developer-internship-at-mindpal-3703080939?refId=N1m52wBSw%2FcGOchtHUWkKA%3D%3D&trackingId=uaAAr19gnuddTZt5L062QA%3D%3D&position=13&pageNum=0&trk=public_jobs_jserp-result_search-card
Data Analyst - Entry Level,"Lehi, UT",https://www.linkedin.com/jobs/view/data-analyst-entry-level-at-costa-vida-fresh-mexican-grill-3742507670?refId=N1m52wBSw%2FcGOchtHUWkKA%3D%3D&trackingId=tiYMFK4K5f8zFDcSGbJs3A%3D%3D&position=14&pageNum=0&trk=public_jobs_jserp-result_search-card
Python Developer (internship),"San Diego, CA",https://www.linkedin.com/jobs/view/python-developer-internship-at-mindpal-3703084454?refId=N1m52wBSw%2FcGOchtHUWkKA%3D%3D&trackingId=XnCVhWLBD672tLip%2BM6SEQ%3D%3D&position=15&pageNum=0&trk=public_jobs_jserp-result_search-card
Python Developer (internship),"Seattle, WA",https://www.linkedin.com/jobs/view/python-developer-internship-at-mindpal-3703095031?refId=N1m52wBSw%2FcGOchtHUWkKA%3D%3D&trackingId=MtYdFXvcGvpjJnaxWw4jFw%3D%3D&position=16&pageNum=0&trk=public_jobs_jserp-result_search-card
Python Developer,"Georgia, United States",https://www.linkedin.com/jobs/view/python-developer-at-apptad-inc-3739402517?refId=N1m52wBSw%2FcGOchtHUWkKA%3D%3D&trackingId=cne%2B6L%2FyQ7WuMUby0tOFFQ%3D%3D&position=17&pageNum=0&trk=public_jobs_jserp-result_search-card
Software Developer - Entry Level,"Nacogdoches, TX",https://www.linkedin.com/jobs/view/software-developer-entry-level-at-elliott-electric-supply-3743181241?refId=N1m52wBSw%2FcGOchtHUWkKA%3D%3D&trackingId=Wgiz73Ane%2B64vdOELM6KNQ%3D%3D&position=18&pageNum=0&trk=public_jobs_jserp-result_search-card
Python Developer (internship),"William Paterson University of New Jersey, NJ",https://www.linkedin.com/jobs/view/python-developer-internship-at-mindpal-3703081795?refId=N1m52wBSw%2FcGOchtHUWkKA%3D%3D&trackingId=v%2FVrcbu6T8VVmDcSKJHAyw%3D%3D&position=19&pageNum=0&trk=public_jobs_jserp-result_search-card
Python Developer (internship),"Indianapolis, IN",https://www.linkedin.com/jobs/view/python-developer-internship-at-mindpal-3703084395?refId=N1m52wBSw%2FcGOchtHUWkKA%3D%3D&trackingId=mMirwockGcMVp8vK99sZkw%3D%3D&position=20&pageNum=0&trk=public_jobs_jserp-result_search-card
"Staff, Advanced Analytics","San Francisco, CA",https://www.linkedin.com/jobs/view/staff-advanced-analytics-at-linkedin-3744425654?refId=N1m52wBSw%2FcGOchtHUWkKA%3D%3D&trackingId=IbS2hJmm8e9Bc8LgE%2F7CiQ%3D%3D&position=21&pageNum=0&trk=public_jobs_jserp-result_search-card
Business Analyst,United States,https://www.linkedin.com/jobs/view/business-analyst-at-saransh-inc-3742858026?refId=N1m52wBSw%2FcGOchtHUWkKA%3D%3D&trackingId=SwvRv%2BSQq%2BDUwxyWSC%2FhsQ%3D%3D&position=22&pageNum=0&trk=public_jobs_jserp-result_search-card
Python Developer (internship),"Orlando, FL",https://www.linkedin.com/jobs/view/python-developer-internship-at-mindpal-3703086403?refId=N1m52wBSw%2FcGOchtHUWkKA%3D%3D&trackingId=3bPMhLI9g9grOkXQbLaDBw%3D%3D&position=23&pageNum=0&trk=public_jobs_jserp-result_search-card
Python Developer (internship),"Tampa, FL",https://www.linkedin.com/jobs/view/python-developer-internship-at-mindpal-3703083572?refId=N1m52wBSw%2FcGOchtHUWkKA%3D%3D&trackingId=ycxYJw6K3oXJ6xwuUceK8A%3D%3D&position=24&pageNum=0&trk=public_jobs_jserp-result_search-card
Python Developer (internship),"Baltimore, MD",https://www.linkedin.com/jobs/view/python-developer-internship-at-mindpal-3703081693?refId=N1m52wBSw%2FcGOchtHUWkKA%3D%3D&trackingId=T05uq6dhn%2FkjsUEwIJnD9A%3D%3D&position=25&pageNum=0&trk=public_jobs_jserp-result_search-card
